bit_size,theoretical_attempts
1.0,1.4142135623730951
2.0,2.0
3.0,2.8284271247461903
4.0,4.0
5.0,5.656854249492381
6.0,8.0
7.0,11.313708498984761
8.0,16.0
9.0,22.627416997969522
10.0,32.0
11.0,45.254833995939045
12.0,64.0
13.0,90.50966799187809
14.0,128.0
15.0,181.01933598375618
16.0,256.0
17.0,362.03867196751236
18.0,512.0
19.0,724.0773439350247
20.0,1024.0
21.0,1448.1546878700494
22.0,2048.0
23.0,2896.309375740099
24.0,4096.0
25.0,5792.618751480198
